City_ID,City,Country,Date,Lat,Lng,Max Temp,Humidity,Cloudiness,Wind Speed
0,Bluff,NZ,2021-01-20 20:01:27,-46.6,168.3333,53.01,85,95,11.01
1,Ostrovnoy,RU,2021-01-20 20:01:27,68.0531,39.5131,12.38,92,100,10.76
2,Chalus,IR,2021-01-20 20:01:27,36.655,51.4204,44.6,93,75,26.46
3,Dingle,PH,2021-01-20 20:01:27,10.9995,122.6711,74.91,91,98,2.51
4,Banjar,ID,2021-01-20 20:01:27,-8.19,114.9675,75.2,100,75,9.22
5,Sulangan,PH,2021-01-20 20:01:28,11.1373,123.7228,80.53,83,98,3.65
6,Seuzach,CH,2021-01-20 20:01:28,47.5342,8.7261,28.99,93,0,5.75
7,La Rioja,ES,2021-01-20 20:01:22,42.25,-2.5,48.2,71,90,10.36
8,Punta Arenas,CL,2021-01-20 20:00:11,-53.15,-70.9167,62.6,36,0,24.16
9,Tasiilaq,GL,2021-01-20 20:01:28,65.6145,-37.6368,10.4,72,20,3.44
10,Inuvik,CA,2021-01-20 20:01:28,68.3499,-133.7218,-0.4,78,100,5.75
11,Dunmore Town,BS,2021-01-20 20:01:28,25.5,-76.65,70.56,61,0,15.17
12,Busselton,AU,2021-01-20 20:01:28,-33.65,115.3333,64.0,89,8,1.99
13,Ugoofaaru,MV,2021-01-20 20:01:29,5.6667,73.0,81.77,68,24,4.85
14,Mersing,MY,2021-01-20 20:01:29,2.4312,103.8405,77.0,83,100,6.91
15,Somerset East,ZA,2021-01-20 19:59:08,-32.7217,25.588,63.43,82,62,12.57
16,Upernavik,GL,2021-01-20 20:01:29,72.7868,-56.1549,31.08,96,100,8.52
17,Husavik,IS,2021-01-20 20:01:29,66.0449,-17.3389,30.2,93,90,19.57
18,Poum,NC,2021-01-20 20:01:29,-20.2333,164.0167,79.07,81,98,19.84
19,Romitan,UZ,2021-01-20 20:01:29,39.9343,64.3814,44.6,70,0,4.61
20,Vaini,TO,2021-01-20 20:01:30,-21.2,-175.2,82.4,89,75,10.36
21,Adrar,MR,2021-01-20 20:01:30,20.5022,-10.0711,68.65,21,100,11.18
22,Carnarvon,AU,2021-01-20 20:01:30,-24.8667,113.6333,77.0,88,40,18.41
23,Tura,IN,2021-01-20 20:01:30,25.5198,90.2201,56.57,94,0,3.04
24,Houma,US,2021-01-20 19:59:49,29.5958,-90.7195,71.01,64,90,8.05
25,Sunland Park,US,2021-01-20 20:01:30,31.7965,-106.58,48.0,70,90,4.07
26,Rafai,CF,2021-01-20 20:01:30,4.95,23.9167,74.44,26,60,2.8
27,Albany,US,2021-01-20 20:01:31,42.6001,-73.9662,32.0,54,62,1.01
28,Merauke,ID,2021-01-20 20:01:11,-8.4667,140.3333,78.87,86,100,10.49
29,Kavieng,PG,2021-01-20 20:01:31,-2.5744,150.7967,80.78,78,100,12.24
30,Helong,CN,2021-01-20 20:01:31,42.5397,128.9972,24.31,93,78,6.89
31,Atuona,PF,2021-01-20 20:01:31,-9.8,-139.0333,77.74,77,50,16.71
32,Ushuaia,AR,2021-01-20 20:01:08,-54.8,-68.3,60.8,39,40,3.44
33,Khuzdar,PK,2021-01-20 20:01:31,27.7384,66.6434,54.66,45,0,2.86
34,Port Shepstone,ZA,2021-01-20 20:01:31,-30.7414,30.455,71.65,79,100,5.59
35,Merta,IN,2021-01-20 20:01:32,26.65,74.0333,58.77,34,0,5.5
36,Rikitea,PF,2021-01-20 20:01:32,-23.1203,-134.9692,78.28,75,0,14.43
37,Richards Bay,ZA,2021-01-20 20:01:32,-28.783,32.0377,72.86,85,44,8.19
38,Hermanus,ZA,2021-01-20 20:01:32,-34.4187,19.2345,66.99,77,2,5.01
39,Tessalit,ML,2021-01-20 20:01:32,20.1986,1.0114,64.11,23,20,10.85
40,Kapaa,US,2021-01-20 20:01:32,22.0752,-159.319,73.4,94,75,16.11
41,Placido De Castro,BR,2021-01-20 20:01:32,-10.3353,-67.1856,87.58,52,78,3.04
42,Airai,TL,2021-01-20 20:01:32,-8.9266,125.4092,61.47,100,79,2.15
43,New Norfolk,AU,2021-01-20 20:01:33,-42.7826,147.0587,48.0,76,100,1.77
44,Lebu,CL,2021-01-20 20:01:33,-37.6167,-73.65,63.91,69,0,21.07
45,Zeliezovce,SK,2021-01-20 20:01:33,48.0508,18.6542,39.0,87,90,7.0
46,Ribeira Grande,PT,2021-01-20 20:01:33,38.5167,-28.7,62.6,94,75,16.11
47,Faanui,PF,2021-01-20 20:01:33,-16.4833,-151.75,80.28,77,0,15.23
48,Kodiak,US,2021-01-20 20:01:33,57.79,-152.4072,39.2,87,40,8.05
49,Northport,US,2021-01-20 20:01:33,33.229,-87.5772,55.99,44,1,5.75
50,Jamestown,US,2021-01-20 20:01:33,42.097,-79.2353,21.99,73,90,17.27
51,Provideniya,RU,2021-01-20 20:01:34,64.3833,-173.3,-0.4,71,40,33.55
52,Pevek,RU,2021-01-20 20:01:34,69.7008,170.3133,-29.43,82,91,1.48
53,Hualmay,PE,2021-01-20 20:01:34,-11.0964,-77.6139,75.97,69,32,11.01
54,Warmbad,NA,2021-01-20 20:01:34,-28.45,18.7333,87.87,39,9,10.69
55,Mabai,CN,2021-01-20 20:01:34,23.0128,104.4508,45.3,100,100,2.93
56,Sao Miguel Do Araguaia,BR,2021-01-20 20:01:34,-13.275,-50.1628,87.01,67,96,4.12
57,Keti Bandar,PK,2021-01-20 20:01:35,24.1447,67.4497,67.77,89,0,8.57
58,Narsaq,GL,2021-01-20 19:57:32,60.9167,-46.05,39.2,24,75,18.41
59,Kruisfontein,ZA,2021-01-20 20:01:35,-34.0033,24.7314,68.0,78,25,3.0
60,Cedeno,CO,2021-01-20 20:01:35,7.0464,-72.1634,85.68,40,89,2.8
61,Contamana,PE,2021-01-20 20:01:35,-7.3333,-75.0167,77.52,94,94,2.95
62,Cape Town,ZA,2021-01-20 20:00:06,-33.9258,18.4232,66.99,77,0,16.11
63,Georgetown,MY,2021-01-20 20:00:15,5.4112,100.3354,77.0,94,20,2.3
64,Puerto Ayora,EC,2021-01-20 19:59:37,-0.7393,-90.3518,84.2,70,40,18.41
65,Saskylakh,RU,2021-01-20 20:01:35,71.9167,114.0833,-34.64,81,100,4.05
66,Qaanaaq,GL,2021-01-20 20:01:36,77.484,-69.3632,28.99,86,100,13.38
67,Mount Isa,AU,2021-01-20 20:01:36,-20.7333,139.5,80.6,57,51,12.8
68,Bubaque,GW,2021-01-20 20:01:36,11.2833,-15.8333,78.53,73,80,12.44
69,Siloam Springs,US,2021-01-20 19:57:39,36.1881,-94.5405,46.99,46,90,11.5
70,Souillac,MU,2021-01-20 20:01:36,-20.5167,57.5167,78.8,94,40,5.75
71,Madaba,JO,2021-01-20 20:01:36,31.5833,35.6667,43.0,87,75,9.22
72,Butembo,CD,2021-01-20 20:01:36,0.15,29.2833,59.18,91,100,2.64
73,Cherskiy,RU,2021-01-20 20:01:37,68.75,161.3,-45.83,75,37,3.74
74,Mingaora,PK,2021-01-20 20:01:37,34.7758,72.3625,46.15,41,98,8.05
75,Oktyabrskoye,RU,2021-01-20 20:01:37,43.0645,44.7417,21.2,100,100,4.47
76,Fort Nelson,CA,2021-01-20 20:01:37,58.8053,-122.7002,30.2,64,75,1.01
77,Port Elizabeth,ZA,2021-01-20 20:01:37,-33.918,25.5701,68.0,78,6,3.0
78,Oussouye,SN,2021-01-20 20:01:37,12.485,-16.5469,87.8,47,0,9.22
79,Forbes,AU,2021-01-20 20:01:37,-33.3833,148.0167,64.0,68,0,1.99
80,Songjianghe,CN,2021-01-20 20:01:38,42.1859,127.479,18.39,96,100,6.98
81,East London,ZA,2021-01-20 20:01:38,-33.0153,27.9116,70.9,75,100,12.41
82,Auki,SB,2021-01-20 20:01:38,-8.7676,160.7034,78.31,83,100,5.44
83,Hosdurga,IN,2021-01-20 20:01:38,13.7981,76.2861,68.85,36,0,5.32
84,Barranca,PE,2021-01-20 20:01:38,-10.75,-77.7667,74.14,73,100,9.6
85,Robertsport,LR,2021-01-20 20:01:38,6.7533,-11.3686,80.11,84,4,9.62
86,Si Chiang Mai,TH,2021-01-20 20:01:38,17.9564,102.5867,64.0,82,0,2.84
87,Bethel,US,2021-01-20 20:01:39,41.3712,-73.414,32.0,69,90,17.27
88,Mahebourg,MU,2021-01-20 20:01:39,-20.4081,57.7,78.8,94,40,5.75
89,Severo-Kurilsk,RU,2021-01-20 20:01:39,50.6789,156.125,18.82,93,97,31.54
90,Hobart,AU,2021-01-20 20:01:36,-42.8794,147.3294,48.0,93,0,1.14
91,Sokoni,TZ,2021-01-20 20:01:39,-6.4333,39.55,80.6,78,20,6.91
92,Cockburn Town,TC,2021-01-20 20:01:39,21.4612,-71.1419,80.6,65,40,6.91
93,Broken Hill,AU,2021-01-20 19:58:17,-31.95,141.4333,64.4,20,0,1.14
94,Hofn,IS,2021-01-20 20:01:40,64.2539,-15.2082,32.13,88,100,27.83
95,Chuy,UY,2021-01-20 20:01:40,-33.6971,-53.4616,76.48,59,0,11.81
96,Praia Da Vitoria,PT,2021-01-20 20:01:40,38.7333,-27.0667,66.2,72,20,12.01
97,Deming,US,2021-01-20 20:01:19,32.2687,-107.7586,42.8,75,90,11.5
98,Belousovka,KZ,2021-01-20 20:01:40,50.1339,82.5239,26.6,93,90,11.18
99,Beloeil,CA,2021-01-20 20:01:08,45.5668,-73.1992,21.2,63,75,12.66
100,Miri,MY,2021-01-20 20:01:40,4.4148,114.0089,75.2,100,40,5.75
101,Lahat,ID,2021-01-20 20:01:41,-3.8,103.5333,73.56,92,100,1.61
102,Hilo,US,2021-01-20 20:01:41,19.7297,-155.09,75.2,69,75,4.61
103,Katsuura,JP,2021-01-20 20:01:41,35.1333,140.3,35.6,64,20,9.22
104,Barrow,US,2021-01-20 20:01:41,71.2906,-156.7887,-2.2,71,90,14.97
105,Avera,US,2021-01-20 20:01:41,33.194,-82.5271,62.6,27,1,11.5
106,Mataura,NZ,2021-01-20 20:01:41,-46.1927,168.8643,53.01,85,100,11.01
107,Pundaguitan,PH,2021-01-20 20:01:41,6.3711,126.1689,82.33,73,100,4.65
108,Pontian Kecil,MY,2021-01-20 20:01:41,1.4801,103.3899,73.4,94,20,7.94
109,Bambous Virieux,MU,2021-01-20 20:01:42,-20.3428,57.7575,81.0,94,40,5.75
110,Yellowknife,CA,2021-01-20 19:57:05,62.456,-114.3525,-2.99,77,75,11.5
111,Diapaga,BF,2021-01-20 20:01:42,12.0708,1.7889,74.91,18,0,7.94
112,Te Anau,NZ,2021-01-20 20:01:42,-45.4167,167.7167,49.48,88,89,1.14
113,Shieli,KZ,2021-01-20 20:01:42,44.1667,66.75,35.67,85,100,9.71
114,Algeciras,ES,2021-01-20 20:01:42,36.1333,-5.4505,60.8,72,75,20.71
115,Bredasdorp,ZA,2021-01-20 20:01:42,-34.5322,20.0403,66.2,72,30,10.36
116,Butaritari,KI,2021-01-20 20:01:42,3.0707,172.7902,79.84,81,76,19.53
117,Vao,NC,2021-01-20 20:01:42,-22.6667,167.4833,75.4,78,44,18.5
118,Hirara,JP,2021-01-20 20:01:43,24.8,125.2833,71.13,83,100,19.73
119,Hasaki,JP,2021-01-20 20:01:43,35.7333,140.8333,32.0,80,75,4.61
120,Half Moon Bay,US,2021-01-20 19:57:27,37.4636,-122.4286,64.4,24,1,6.91
121,Batouri,CM,2021-01-20 20:01:43,4.4333,14.3667,73.26,23,68,2.53
122,Chunskiy,RU,2021-01-20 20:01:43,56.0815,99.6342,-23.6,85,80,2.3
123,Marawi,PH,2021-01-20 20:01:43,7.9986,124.2928,73.99,95,100,3.0
124,Castro,BR,2021-01-20 20:00:12,-24.7911,-50.0119,69.04,89,100,2.08
125,Xichang,CN,2021-01-20 20:01:43,27.8964,102.2634,51.01,48,100,3.47
126,San Ramon,US,2021-01-20 20:01:43,37.7799,-121.978,64.4,15,1,3.13
127,Santa Fe,AR,2021-01-20 20:01:44,-31.6333,-60.7,96.01,23,0,4.0
128,Lorengau,PG,2021-01-20 20:01:44,-2.0226,147.2712,81.61,77,100,11.56
129,Saint-Philippe,RE,2021-01-20 20:01:44,-21.3585,55.7679,82.4,69,90,1.14
130,Luderitz,NA,2021-01-20 20:01:44,-26.6481,15.1594,69.12,72,97,9.57
131,Pocatello,US,2021-01-20 20:01:44,42.8713,-112.4455,30.0,64,75,5.26
132,Cabo Rojo,PR,2021-01-20 20:01:45,18.0866,-67.1457,84.0,68,100,4.0
133,Veraval,IN,2021-01-20 20:01:45,20.9,70.3667,68.2,44,0,11.07
134,Cravo Norte,CO,2021-01-20 20:01:45,6.3017,-70.2041,91.56,40,80,10.94
135,Russell,US,2021-01-20 20:01:45,32.3502,-85.1999,62.6,27,1,10.36
136,Tigil,RU,2021-01-20 20:01:45,57.8,158.6667,-17.84,88,93,2.15
137,Ginir,ET,2021-01-20 20:01:45,7.1333,40.7,64.65,27,100,5.23
138,Pisco,PE,2021-01-20 20:01:45,-13.7,-76.2167,77.0,65,0,9.22
139,Ahuimanu,US,2021-01-20 20:01:46,21.4447,-157.8378,77.0,69,75,10.36
140,Mehamn,NO,2021-01-20 20:01:46,71.0357,27.8492,21.2,79,75,13.8
141,Bay Roberts,CA,2021-01-20 20:01:46,47.5999,-53.2648,27.0,68,100,11.01
142,Tabuk,PH,2021-01-20 20:01:46,17.4189,121.4443,72.19,94,100,1.36
143,Avarua,CK,2021-01-20 19:59:48,-21.2078,-159.775,84.2,70,20,9.22
144,Kieta,PG,2021-01-20 20:01:46,-6.2167,155.6333,78.31,76,92,4.92
145,Portobelo,PA,2021-01-20 20:01:46,9.55,-79.65,89.01,74,95,18.01
146,Utete,TZ,2021-01-20 20:01:46,-7.986,38.758,74.55,94,100,3.89
147,Hithadhoo,MV,2021-01-20 20:01:47,-0.6,73.0833,81.84,73,75,10.8
148,Talnakh,RU,2021-01-20 20:01:47,69.4865,88.3972,-38.25,80,88,0.96
149,Thompson,CA,2021-01-20 19:56:48,55.7435,-97.8558,1.4,78,90,13.8
150,General Roca,AR,2021-01-20 20:01:47,-39.0333,-67.5833,100.4,23,0,3.44
151,Salcininkai,LT,2021-01-20 20:01:47,54.3,25.3833,19.4,86,90,18.41
152,Sao Filipe,CV,2021-01-20 20:01:48,14.8961,-24.4956,72.01,70,82,7.96
153,Usinsk,RU,2021-01-20 20:01:48,65.9939,57.5281,-4.92,92,100,7.9
154,Dicabisagan,PH,2021-01-20 20:01:48,17.0818,122.4157,77.05,90,100,9.55
155,Saldanha,ZA,2021-01-20 20:01:48,-33.0117,17.9442,68.0,64,0,6.91
156,Paracuru,BR,2021-01-20 20:01:48,-3.41,-39.0306,77.0,80,100,1.01
157,Nikolskoye,RU,2021-01-20 20:01:48,59.7035,30.7861,15.8,92,90,2.24
158,Ciudad Arce,SV,2021-01-20 20:01:48,13.8403,-89.4472,86.0,42,20,6.91
159,Margate,GB,2021-01-20 20:01:48,51.3813,1.3862,48.99,73,100,8.99
160,Tiksi,RU,2021-01-20 20:01:48,71.6872,128.8694,-26.55,86,100,4.32
161,Lavrentiya,RU,2021-01-20 20:01:49,65.5833,-171.0,-12.51,84,7,11.99
162,Buala,SB,2021-01-20 20:01:49,-8.145,159.5921,80.13,81,100,7.99
163,Sao Joao Da Barra,BR,2021-01-20 20:01:31,-21.6403,-41.0511,86.0,51,0,19.57
164,Bako,ET,2021-01-20 20:01:49,5.7833,36.5667,72.27,39,100,3.78
165,Moose Factory,CA,2021-01-20 20:01:49,51.2585,-80.6094,-2.2,71,75,17.27
166,Tucuman,AR,2021-01-20 20:01:49,-26.8241,-65.2226,86.0,39,0,6.91
167,Agadez,NE,2021-01-20 20:01:49,19.75,10.25,54.43,37,0,2.1
168,Sur,OM,2021-01-20 20:01:50,22.5667,59.5289,70.02,61,0,5.82
169,Chapais,CA,2021-01-20 20:01:50,49.7834,-74.8492,1.4,66,1,5.75
170,Clarence Town,AU,2021-01-20 20:01:50,-32.5833,151.7833,60.01,100,34,3.44
171,Xai-Xai,MZ,2021-01-20 20:01:50,-25.0519,33.6442,77.77,77,40,10.4
172,Baculin,PH,2021-01-20 20:01:50,7.4525,126.5842,78.21,78,91,3.83
173,Deputatskiy,RU,2021-01-20 20:01:51,69.3,139.9,-31.18,85,100,0.49
174,Long Beach,US,2021-01-20 20:01:51,33.767,-118.1892,75.2,25,1,17.27
175,Sorland,NO,2021-01-20 20:01:51,67.667,12.6934,32.0,74,75,16.11
176,Longkou,CN,2021-01-20 20:01:52,37.6508,120.3286,35.2,91,90,3.06
177,Shitanjing,CN,2021-01-20 20:01:52,39.2342,106.3439,25.23,62,0,6.93
178,Port Alfred,ZA,2021-01-20 20:01:52,-33.5906,26.891,70.0,80,83,1.01
179,Dongobesh,TZ,2021-01-20 20:01:52,-4.0667,35.3833,56.44,95,99,4.52
180,Bengkulu,ID,2021-01-20 20:01:52,-3.8004,102.2655,77.07,80,100,5.26
181,Chokurdakh,RU,2021-01-20 20:01:53,70.6333,147.9167,-35.1,83,88,6.35
182,Nanchang,CN,2021-01-20 20:01:53,28.6833,115.8833,53.29,68,79,5.23
183,Churapcha,RU,2021-01-20 20:01:53,62.0025,132.4325,-39.15,80,100,2.17
184,Cedar City,US,2021-01-20 19:59:06,37.6775,-113.0619,39.2,48,1,3.29
185,Baft,IR,2021-01-20 20:01:53,29.234,56.6057,42.4,55,0,5.19
186,Ancud,CL,2021-01-20 20:01:53,-41.8697,-73.8203,67.84,65,100,8.39
187,Victoria,HK,2021-01-20 20:00:02,22.2855,114.1577,64.99,81,100,11.34
188,Ilulissat,GL,2021-01-20 20:01:54,69.2167,-51.1,26.6,63,75,3.44
189,Oistins,BB,2021-01-20 20:01:54,13.0667,-59.5333,78.8,73,40,17.27
190,Tenno,JP,2021-01-20 20:01:54,39.9,139.9667,41.0,76,100,18.48
191,Khilok,RU,2021-01-20 20:01:54,51.3674,110.4676,-2.49,89,17,4.36
192,Omboue,GA,2021-01-20 20:01:54,-1.5746,9.2618,78.01,85,100,4.12
193,Emba,KZ,2021-01-20 20:01:54,48.8264,58.1442,-0.74,93,100,4.16
194,Coihaique,CL,2021-01-20 20:01:54,-45.5752,-72.0662,71.6,53,75,6.91
195,Bathsheba,BB,2021-01-20 20:01:55,13.2167,-59.5167,78.8,73,40,17.27
196,Biltine,TD,2021-01-20 20:01:55,14.5333,20.9167,62.15,27,0,13.22
197,Yumen,CN,2021-01-20 20:01:55,40.2833,97.2,19.06,78,62,20.33
198,Klaksvik,FO,2021-01-20 20:01:55,62.2266,-6.589,37.4,75,20,28.77
199,Qurayyat,SA,2021-01-20 20:01:55,31.3318,37.3428,41.0,87,0,11.5
200,Maceio,BR,2021-01-20 20:01:55,-9.6658,-35.7353,82.4,69,40,14.97
201,Sitka,US,2021-01-20 20:01:55,57.0531,-135.33,35.6,93,90,4.61
202,Pemberton,CA,2021-01-20 20:01:55,50.3164,-122.8027,39.99,93,90,1.32
203,Portland,US,2021-01-20 20:00:01,45.5234,-122.6762,45.0,71,100,1.01
204,Navirai,BR,2021-01-20 20:01:08,-23.065,-54.1906,75.76,88,100,1.25
205,Syasstroy,RU,2021-01-20 20:01:56,60.1367,32.5691,9.45,95,72,7.11
206,Cabo San Lucas,MX,2021-01-20 19:59:24,22.8909,-109.9124,70.0,83,90,5.75
207,Makakilo City,US,2021-01-20 20:01:56,21.3469,-158.0858,75.2,73,75,3.44
208,Tuatapere,NZ,2021-01-20 20:01:56,-46.1333,167.6833,53.01,85,92,11.01
209,Northam,GB,2021-01-20 20:01:56,51.0333,-4.2167,39.99,94,100,10.0
210,Dikson,RU,2021-01-20 20:01:56,73.5069,80.5464,-7.73,92,100,6.69
211,Robore,BO,2021-01-20 20:01:56,-18.3333,-59.75,78.8,83,90,6.91
212,Cabedelo,BR,2021-01-20 20:00:16,-6.9811,-34.8339,82.4,74,75,12.66
213,Leh,IN,2021-01-20 20:01:57,34.1667,77.5833,6.85,60,0,2.3
214,Havoysund,NO,2021-01-20 20:01:57,70.9963,24.6622,15.8,73,0,5.75
215,Taranagar,IN,2021-01-20 20:01:57,28.6709,75.0351,61.02,32,0,5.3
216,Saint George,US,2021-01-20 20:01:57,37.1041,-113.5841,57.99,38,1,8.05
217,Otjimbingwe,NA,2021-01-20 20:01:57,-22.35,16.1333,74.46,48,69,11.56
218,Lamu,KE,2021-01-20 20:01:57,-2.2717,40.902,78.8,83,1,6.91
219,Ahipara,NZ,2021-01-20 20:01:57,-35.1667,173.1667,62.19,61,7,11.43
220,Khatanga,RU,2021-01-20 20:01:57,71.9667,102.5,-27.76,86,100,7.11
221,Vila Velha,BR,2021-01-20 20:00:23,-20.3297,-40.2925,86.0,58,40,13.8
222,Meulaboh,ID,2021-01-20 20:01:58,4.1363,96.1285,76.1,89,99,4.18
223,Sotouboua,TG,2021-01-20 20:01:58,8.5667,0.9833,79.41,18,0,2.59
224,Tougue,GN,2021-01-20 20:01:58,11.4667,-11.6,70.84,21,1,1.92
225,Nan,TH,2021-01-20 20:01:58,18.8333,100.6667,59.54,75,0,0.69
226,Svetlyy,RU,2021-01-20 20:01:58,54.675,20.1347,37.4,93,90,8.95
227,Candolim,IN,2021-01-20 20:01:58,15.5181,73.7626,77.0,83,0,2.3
228,Huarmey,PE,2021-01-20 20:01:58,-10.0681,-78.1522,76.84,65,41,11.79
229,Lasa,IT,2021-01-20 20:01:59,46.6166,10.7002,32.0,73,20,5.75
230,Torbay,CA,2021-01-20 20:01:59,47.6666,-52.7314,28.0,74,75,27.63
231,Quzhou,CN,2021-01-20 20:01:59,28.9594,118.8686,49.17,86,0,2.21
232,Olafsvik,IS,2021-01-20 20:01:59,64.8945,-23.7142,26.55,91,96,33.51
233,Bam,IR,2021-01-20 20:01:59,29.106,58.357,57.45,32,8,9.13
234,Flinders,AU,2021-01-20 20:01:59,-34.5833,150.8552,57.0,84,19,1.01
235,Geraldton,AU,2021-01-20 20:01:59,-28.7667,114.6,75.2,78,90,11.5
236,Fare,PF,2021-01-20 20:01:59,-16.7,-151.0167,80.6,77,0,15.35
237,Hambantota,LK,2021-01-20 20:02:00,6.1241,81.1185,77.25,87,2,8.59
238,Clyde River,CA,2021-01-20 20:02:00,70.4692,-68.5914,6.8,92,75,6.91
239,Ekhabi,RU,2021-01-20 20:02:00,53.5102,142.9671,-15.47,80,0,4.03
240,Vera Cruz,BR,2021-01-20 20:02:00,-12.6333,-41.0333,81.14,53,50,9.44
241,Launceston,AU,2021-01-20 20:02:00,-41.45,147.1667,48.0,93,4,0.69
242,Guerrero Negro,MX,2021-01-20 20:02:00,27.9769,-114.0611,73.85,48,76,25.14
243,Puerto Del Rosario,ES,2021-01-20 20:02:00,28.5004,-13.8627,62.6,72,20,7.29
244,Mayor Pablo Lagerenza,PY,2021-01-20 20:02:00,-19.9309,-60.7718,81.34,48,86,5.46
245,Camacha,PT,2021-01-20 20:02:01,33.0833,-16.3333,62.6,82,40,10.36
246,Volchikha,RU,2021-01-20 20:02:01,52.0333,80.3833,19.22,97,100,8.79
247,Rocha,UY,2021-01-20 20:00:08,-34.4833,-54.3333,79.36,48,0,12.44
248,San Patricio,US,2021-01-20 20:02:01,28.017,-97.5169,69.8,83,90,5.75
249,Nome,US,2021-01-20 20:02:01,64.5011,-165.4064,10.4,61,90,14.97
250,Fukue,JP,2021-01-20 20:02:01,32.6881,128.8419,57.27,75,87,14.79
251,Red Bluff,US,2021-01-20 20:02:01,40.1785,-122.2358,62.6,22,1,8.05
252,Nanakuli,US,2021-01-20 20:02:02,21.3906,-158.1547,75.2,73,75,3.44
253,Faruka,PK,2021-01-20 20:02:02,31.8872,72.4144,54.93,39,0,4.14
254,Burnie,AU,2021-01-20 20:02:02,-41.0667,145.9167,57.0,80,70,7.0
255,Wilmington,US,2021-01-20 19:57:26,34.2257,-77.9447,62.6,31,1,13.8
256,Nicoya,CR,2021-01-20 20:02:02,10.1483,-85.452,84.2,65,40,16.11
257,Bundaberg,AU,2021-01-20 20:02:02,-24.85,152.35,75.99,78,31,5.75
258,Sembakung,ID,2021-01-20 20:02:02,3.8167,117.25,75.2,94,75,4.61
259,Booue,GA,2021-01-20 20:02:03,-0.0921,11.9385,75.83,83,58,2.06
260,Callaway,US,2021-01-20 20:02:03,30.153,-85.5699,69.01,56,1,9.22
261,Ridgecrest,US,2021-01-20 20:00:57,35.6225,-117.6709,60.01,19,75,3.44
262,Acapulco,MX,2021-01-20 20:02:03,16.8634,-99.8901,86.0,58,1,8.05
263,Ponta Do Sol,PT,2021-01-20 20:02:03,32.6667,-17.1,60.01,68,97,1.99
264,Pacific Grove,US,2021-01-20 19:59:35,36.6177,-121.9166,66.0,19,1,3.44
265,Teguise,ES,2021-01-20 20:02:03,29.0605,-13.564,64.4,68,20,5.75
266,Henties Bay,NA,2021-01-20 20:02:04,-22.116,14.2845,69.01,84,55,3.0
267,Touros,BR,2021-01-20 20:02:04,-5.1989,-35.4608,84.2,70,40,17.27
268,Tocopilla,CL,2021-01-20 20:02:04,-22.092,-70.1979,73.53,51,25,9.01
269,Port Moresby,PG,2021-01-20 20:02:04,-9.4431,147.1797,73.4,94,20,8.05
270,Santa Cruz Cabralia,BR,2021-01-20 20:02:04,-16.2781,-39.0247,82.4,61,40,10.36
271,Camabatela,AO,2021-01-20 20:02:04,-8.1881,15.375,63.37,97,26,1.52
272,Francistown,BW,2021-01-20 20:02:04,-21.17,27.5079,75.2,73,40,8.05
273,Svetlaya,RU,2021-01-20 20:02:05,46.5389,138.3297,12.54,85,7,5.26
274,Port Macquarie,AU,2021-01-20 20:02:05,-31.4333,152.9167,63.0,94,43,1.99
275,Esperance,AU,2021-01-20 20:02:05,-33.8667,121.9,64.4,94,90,8.05
276,Morondava,MG,2021-01-20 20:02:05,-20.2833,44.2833,84.09,75,100,5.44
277,Port Hardy,CA,2021-01-20 20:00:05,50.6996,-127.4199,39.2,93,90,3.44
278,Hobyo,SO,2021-01-20 20:02:05,5.3505,48.5268,78.21,81,100,21.79
279,Parrita,CR,2021-01-20 20:02:05,9.5201,-84.3225,82.4,57,20,21.85
280,Porbandar,IN,2021-01-20 20:02:05,21.6422,69.6093,64.76,52,0,7.18
281,Rayagada,IN,2021-01-20 20:02:06,19.1667,83.4167,66.49,67,0,1.45
282,Leningradskiy,RU,2021-01-20 20:02:06,69.3833,178.4167,-25.73,79,34,2.84
283,Benghazi,LY,2021-01-20 20:02:06,32.1167,20.0667,55.47,55,98,5.64
284,Koumac,NC,2021-01-20 20:02:06,-20.5667,164.2833,77.13,82,98,14.05
285,Grand Gaube,MU,2021-01-20 20:02:06,-20.0064,57.6608,81.0,82,23,1.99
286,Sai Buri,TH,2021-01-20 20:02:06,6.7013,101.6168,74.5,79,100,1.79
287,Porto Santo,PT,2021-01-20 20:02:06,33.072,-16.3415,62.6,82,40,10.36
288,Guozhen,CN,2021-01-20 20:02:06,34.3659,107.359,40.75,65,90,1.34
289,Iqaluit,CA,2021-01-20 20:02:06,63.7506,-68.5145,5.0,72,75,20.71
290,Longyearbyen,SJ,2021-01-20 20:00:36,78.2186,15.6401,15.8,62,20,21.85
291,Shakawe,BW,2021-01-20 20:02:07,-18.3667,21.85,70.65,91,100,2.37
292,Udachnyy,RU,2021-01-20 20:02:07,66.4167,112.4,-57.41,51,56,2.71
293,Catamarca,AR,2021-01-20 20:00:44,-28.4696,-65.7852,80.01,33,6,1.99
294,Maniitsoq,GL,2021-01-20 20:02:07,65.4167,-52.9,30.06,90,28,10.8
295,Fort-Shevchenko,KZ,2021-01-20 20:02:07,44.5086,50.263,26.65,91,100,11.63
296,Mattru,SL,2021-01-20 20:02:07,7.6244,-11.8332,77.99,74,29,4.32
297,Port Lincoln,AU,2021-01-20 20:02:08,-34.7333,135.8667,66.0,63,0,6.33
298,Chumikan,RU,2021-01-20 20:02:08,54.7183,135.315,-8.32,89,100,14.74
299,Lake City,US,2021-01-20 20:00:54,30.1897,-82.6393,73.0,37,1,9.22
300,Verkhoyansk,RU,2021-01-20 20:01:11,67.5447,133.385,-31.92,81,100,1.86
301,Tilichiki,RU,2021-01-20 20:02:08,60.4667,166.1,-20.16,88,95,14.05
302,Alice Springs,AU,2021-01-20 20:01:13,-23.7,133.8833,77.0,34,49,7.54
303,Batken,KG,2021-01-20 20:02:08,39.8333,71.0,21.25,76,0,12.68
304,Marovoay,MG,2021-01-20 20:02:08,-16.1,46.6333,77.0,94,40,24.16
305,Americus,US,2021-01-20 20:02:08,32.0724,-84.2327,66.2,22,1,13.8
306,Teahupoo,PF,2021-01-20 20:02:09,-17.8333,-149.2667,84.2,70,20,3.44
307,Lincoln,US,2021-01-20 19:59:13,40.8,-96.667,52.0,44,0,8.99
308,Rio Cuarto,AR,2021-01-20 20:02:09,-33.1307,-64.3499,86.0,26,0,25.32
309,Saint-Augustin,CA,2021-01-20 20:02:09,51.226,-58.6502,11.19,86,100,14.97
310,Simao,CN,2021-01-20 20:02:09,22.7886,100.9748,48.6,93,0,1.9
311,Ballina,AU,2021-01-20 20:02:09,-28.8667,153.5667,66.2,94,90,4.61
312,Skibbereen,IE,2021-01-20 20:02:09,51.55,-9.2667,35.6,93,20,9.22
313,Olinda,BR,2021-01-20 20:02:09,-8.0089,-34.8553,78.8,73,75,10.36
314,Yulara,AU,2021-01-20 20:02:10,-25.2406,130.9889,73.4,16,0,6.91
315,Fortuna,US,2021-01-20 20:02:10,40.5982,-124.1573,61.0,41,1,3.44
316,Aksarka,RU,2021-01-20 20:02:10,66.5606,67.7975,-18.83,88,100,13.04
317,Nova Olimpia,BR,2021-01-20 20:02:10,-14.7972,-57.2881,88.0,56,100,2.39
318,Aklavik,CA,2021-01-20 20:02:10,68.2191,-135.0107,3.2,85,90,4.61
319,Lagoa,PT,2021-01-20 20:02:10,39.05,-27.9833,61.36,90,0,22.3
320,Prunisor,RO,2021-01-20 20:02:10,44.6094,22.9153,33.53,90,59,4.5
321,Ito,JP,2021-01-20 20:02:11,34.9667,139.0833,41.68,81,12,3.13
322,Brookings,US,2021-01-20 19:57:38,44.3114,-96.7984,39.99,60,1,23.02
323,Noumea,NC,2021-01-20 20:00:31,-22.2763,166.4572,80.01,94,0,2.3
324,Palmer,US,2021-01-20 20:02:11,42.1584,-72.3287,32.0,74,90,13.8
325,Mahibadhoo,MV,2021-01-20 20:02:11,3.7833,72.9667,81.66,72,0,9.93
326,Phan Thiet,VN,2021-01-20 20:02:11,10.9333,108.1,72.57,79,79,2.21
327,Suluq,LY,2021-01-20 20:02:11,31.6682,20.2521,51.78,66,44,5.14
328,Hervey Bay,AU,2021-01-20 20:02:11,-25.2986,152.8535,75.99,78,5,5.75
329,Altay,CN,2021-01-20 20:02:11,47.8667,88.1167,17.92,86,100,0.63
330,Apatou,GF,2021-01-20 20:02:12,5.155,-54.3472,83.84,63,99,4.21
331,Port Blair,IN,2021-01-20 20:02:12,11.6667,92.75,76.89,66,97,6.73
332,Kilindoni,TZ,2021-01-20 20:02:12,-7.9139,39.6668,81.64,81,97,12.01
333,Kindu,CD,2021-01-20 19:59:28,-2.95,25.95,69.85,94,100,1.34
334,Tukrah,LY,2021-01-20 20:02:12,32.5341,20.5791,52.57,60,66,5.57
335,Saint-Francois,FR,2021-01-20 20:02:12,46.4154,3.9054,53.6,54,0,18.41
336,Bud,US,2021-01-20 20:02:12,39.447,-86.1758,36.0,53,0,11.27
337,Nanortalik,GL,2021-01-20 20:02:13,60.1432,-45.2371,25.5,90,89,10.13
338,Las Vegas,US,2021-01-20 20:01:59,36.175,-115.1372,60.8,27,1,3.44
339,Porto Novo,BJ,2021-01-20 20:02:13,6.4965,2.6036,84.2,84,20,9.22
340,Poso,ID,2021-01-20 20:02:13,-1.3959,120.7524,81.0,80,87,2.51
341,Myanaung,MM,2021-01-20 20:02:13,18.2833,95.3167,62.98,81,0,2.59
342,Kloulklubed,PW,2021-01-20 20:02:13,7.0419,134.2556,80.6,83,75,9.22
343,Sao Jose Da Coroa Grande,BR,2021-01-20 20:02:13,-8.8978,-35.1478,79.88,74,100,11.32
344,Qaqortoq,GL,2021-01-20 20:02:13,60.7167,-46.0333,39.2,26,75,27.63
345,Karratha,AU,2021-01-20 20:02:13,-20.7377,116.8463,89.92,40,77,5.95
346,Stornoway,GB,2021-01-20 20:02:14,58.2093,-6.3865,41.0,87,75,26.46
347,Santiago Del Estero,AR,2021-01-20 20:01:22,-27.7951,-64.2615,93.0,32,0,5.01
348,Palu,ID,2021-01-20 20:01:23,-0.8917,119.8707,77.22,73,99,1.68
349,Priekule,LV,2021-01-20 20:02:14,56.4468,21.5897,28.4,93,90,9.22
350,Vila Franca Do Campo,PT,2021-01-20 20:02:14,37.7167,-25.4333,63.0,100,75,14.97
351,Itoman,JP,2021-01-20 20:02:14,26.1247,127.6694,69.8,73,75,9.22
352,Tuktoyaktuk,CA,2021-01-20 20:02:14,69.4541,-133.0374,-2.2,84,90,3.44
353,Bertoua,CM,2021-01-20 20:02:14,4.5833,13.6833,70.47,26,75,0.4
354,Korla,CN,2021-01-20 20:02:14,41.7597,86.1469,20.41,84,0,2.35
355,Cortez,US,2021-01-20 20:00:50,37.3489,-108.5859,35.01,69,1,11.5
356,Yichun,CN,2021-01-20 20:02:15,47.7,128.9,-6.21,91,62,5.39
357,Diego De Almagro,CL,2021-01-20 20:02:15,-26.3667,-70.05,83.91,17,0,14.85
358,Inongo,CD,2021-01-20 20:01:20,-1.95,18.2667,76.39,76,100,2.89
359,Lata,PT,2021-01-20 20:02:15,40.1629,-8.3327,57.0,91,76,1.99
360,Manado,ID,2021-01-20 20:02:15,1.487,124.8455,77.0,94,20,2.3
361,Dalbandin,PK,2021-01-20 20:02:15,28.8947,64.4101,58.1,35,0,4.16
362,Grindavik,IS,2021-01-20 20:02:15,63.8424,-22.4338,28.4,80,75,27.63
363,Bakchar,RU,2021-01-20 20:02:15,57.0186,82.0711,-16.06,87,100,6.04
364,Novikovo,RU,2021-01-20 20:02:16,51.1537,37.8879,-2.04,91,0,3.69
365,Catalina,US,2021-01-20 20:02:16,32.5056,-110.9211,69.01,75,17,15.01
366,Southampton,GB,2021-01-20 20:01:49,50.904,-1.4043,50.0,92,91,11.99
367,Farah,AF,2021-01-20 20:02:16,32.5,62.5,49.32,44,0,4.72
368,Bondo,CD,2021-01-20 20:02:16,3.8146,23.6866,72.72,31,5,1.14
369,Alta Floresta,BR,2021-01-20 20:02:16,-9.8756,-56.0861,79.7,90,95,1.45
370,Mar Del Plata,AR,2021-01-20 19:58:25,-38.0023,-57.5575,78.8,73,20,13.8
371,Banda Aceh,ID,2021-01-20 20:02:08,5.5577,95.3222,76.57,86,83,9.64
372,Antofagasta,CL,2021-01-20 20:00:03,-23.65,-70.4,73.0,68,20,16.11
373,Yar-Sale,RU,2021-01-20 20:02:17,66.8333,70.8333,-22.83,87,100,12.01
374,Alofi,NU,2021-01-20 20:02:17,-19.0595,-169.9187,78.8,94,100,1.14
375,Khorixas,NA,2021-01-20 20:02:17,-20.3667,14.9667,67.98,58,100,10.36
376,Umm Kaddadah,SD,2021-01-20 20:02:17,13.6017,26.6876,59.76,31,0,17.54
377,Immokalee,US,2021-01-20 20:02:17,26.4187,-81.4173,75.2,41,1,13.8
378,Saint-Pierre,RE,2021-01-20 20:02:17,-21.3393,55.4781,82.4,69,90,1.14
379,Male,MV,2021-01-20 20:02:18,4.1748,73.5089,82.4,78,40,8.05
380,Isangel,VU,2021-01-20 20:02:18,-19.55,169.2667,77.0,100,90,9.82
381,Otradnoye,RU,2021-01-20 20:02:18,59.7775,30.8181,15.8,92,90,2.24
382,Lakselv,NO,2021-01-20 20:02:18,70.0513,24.9718,-7.6,84,0,2.3
383,Beringovskiy,RU,2021-01-20 20:02:18,63.05,179.3167,13.68,95,100,16.2
384,Pangnirtung,CA,2021-01-20 20:02:18,66.1451,-65.7125,19.4,93,20,12.66
385,Cuenca,EC,2021-01-20 20:01:16,-2.8833,-78.9833,59.0,88,75,4.61
386,Lashio,MM,2021-01-20 20:02:18,22.9333,97.75,48.07,87,26,1.21
387,San Policarpo,PH,2021-01-20 20:02:18,12.1791,125.5072,80.62,85,100,6.85
388,Portree,GB,2021-01-20 20:02:19,57.4129,-6.1942,34.0,91,78,10.0
389,Kahului,US,2021-01-20 20:02:19,20.8947,-156.47,75.2,64,20,13.8
390,Akdagmadeni,TR,2021-01-20 20:02:19,39.6603,35.8836,12.79,89,0,4.76
391,Zharkent,KZ,2021-01-20 20:02:19,44.1628,80.0,28.98,92,51,5.53
392,Cidreira,BR,2021-01-20 20:02:19,-30.1811,-50.2056,74.8,73,55,12.75
393,Pandan,PH,2021-01-20 20:02:19,14.0453,124.1694,78.04,87,89,5.53
394,Los Llanos De Aridane,ES,2021-01-20 20:02:19,28.6585,-17.9182,64.4,72,20,6.91
395,Roanoke Rapids,US,2021-01-20 20:01:29,36.4615,-77.6542,51.01,46,1,13.8
396,Warri,NG,2021-01-20 20:02:19,5.5167,5.75,79.74,78,0,6.13
397,Santa Isabel Do Rio Negro,BR,2021-01-20 20:02:20,-0.4139,-65.0192,85.91,67,100,2.46
398,Berestechko,UA,2021-01-20 20:02:20,50.3605,25.1107,32.0,87,96,5.01
399,Vychegodskiy,RU,2021-01-20 20:02:20,61.247,46.8984,0.27,93,99,5.01
400,Tripoli,LY,2021-01-20 20:02:20,32.8752,13.1875,58.23,49,0,8.19
401,Mecca,SA,2021-01-20 20:02:20,21.4267,39.8261,68.77,54,0,8.63
402,Nabire,ID,2021-01-20 20:02:20,-3.3667,135.4833,76.14,87,100,3.13
403,Mareeba,AU,2021-01-20 20:02:20,-17.0,145.4333,75.2,88,90,3.44
404,Arraial Do Cabo,BR,2021-01-20 20:00:06,-22.9661,-42.0278,86.0,61,0,19.57
405,Port-Gentil,GA,2021-01-20 20:02:20,-0.7193,8.7815,80.6,83,20,4.61
406,Amahai,ID,2021-01-20 20:02:21,-3.3333,128.9167,84.99,89,93,4.63
407,Tazovskiy,RU,2021-01-20 20:02:21,67.4667,78.7,-43.1,79,8,4.36
408,Tual,ID,2021-01-20 20:02:21,-5.6667,132.75,83.37,71,100,3.15
409,Zabaykalsk,RU,2021-01-20 20:02:21,49.6333,117.3167,1.47,90,98,4.59
410,Obo,CF,2021-01-20 20:02:21,5.3998,26.4869,71.69,21,24,5.86
411,Naze,JP,2021-01-20 20:02:21,28.3667,129.4833,61.18,81,90,14.45
412,Boyabat,TR,2021-01-20 20:02:21,41.4689,34.7667,24.12,89,84,0.51
413,Bilma,NE,2021-01-20 20:02:21,18.6853,12.9164,62.26,28,0,5.59
414,Rawson,AR,2021-01-20 19:59:09,-43.3002,-65.1023,87.91,23,0,17.52
415,Makow Mazowiecki,PL,2021-01-20 20:02:21,52.8649,21.1005,39.0,81,100,8.01
416,Requena,ES,2021-01-20 20:02:22,39.4883,-1.1004,51.01,81,75,2.3
417,Evanston,US,2021-01-20 20:02:22,42.0411,-87.6901,28.0,59,75,14.97
418,Jinka,ET,2021-01-20 20:02:22,5.65,36.65,73.04,37,100,1.36
419,Monduli,TZ,2021-01-20 20:02:22,-3.3,36.45,68.0,83,40,5.75
420,Kudahuvadhoo,MV,2021-01-20 20:02:22,2.6708,72.8944,81.59,74,0,9.24
421,Dzan,MX,2021-01-20 20:02:22,20.3833,-89.4667,86.0,45,75,14.97
422,Kabwe,ZM,2021-01-20 20:02:22,-14.4469,28.4464,65.08,96,100,1.99
423,Ahtopol,BG,2021-01-20 20:02:23,42.1,27.95,33.8,75,20,11.5
424,Laguna,US,2021-01-20 20:02:23,38.421,-121.4238,62.01,23,1,4.61
425,El Astillero,ES,2021-01-20 20:02:23,43.4009,-3.8205,59.0,55,0,6.91
426,Bogale,MM,2021-01-20 20:02:23,16.2833,95.4,66.58,87,0,4.47
427,Yongan,CN,2021-01-20 20:02:23,39.6957,113.6871,24.01,73,100,3.06
428,Tornio,FI,2021-01-20 20:02:23,65.8481,24.1466,14.0,79,20,10.36
429,Sioux Lookout,CA,2021-01-20 20:00:50,50.1001,-91.917,17.6,86,90,11.5
430,Micheweni,TZ,2021-01-20 20:02:23,-4.9667,39.8333,80.71,80,93,16.4
431,Muroto,JP,2021-01-20 20:02:23,33.2833,134.15,49.84,77,7,5.48
432,Saquena,PE,2021-01-20 20:02:24,-4.6667,-73.5167,78.26,94,96,3.27
433,Kostino,RU,2021-01-20 20:02:24,58.9097,53.2691,-3.64,92,90,5.12
434,Acajutla,SV,2021-01-20 20:02:24,13.5928,-89.8275,86.0,42,20,6.91
435,Muros,ES,2021-01-20 20:02:24,42.7762,-9.0603,55.99,87,63,3.0
436,Rudbar,AF,2021-01-20 20:02:24,30.15,62.6,59.34,33,35,7.14
437,Omsukchan,RU,2021-01-20 20:02:24,62.5333,155.8,-32.58,82,84,5.28
438,Clifton,US,2021-01-20 20:02:09,40.8584,-74.1638,37.99,41,40,13.8
439,Montevideo,UY,2021-01-20 19:57:31,-34.8335,-56.1674,86.0,50,20,17.27
440,Nong Han,TH,2021-01-20 20:02:25,17.3608,103.1053,63.0,75,0,3.27
441,Pozo Colorado,PY,2021-01-20 20:02:25,-23.4923,-58.7972,91.99,26,9,5.41
442,Coquimbo,CL,2021-01-20 20:02:25,-29.9533,-71.3436,66.2,68,75,16.11
443,Leshukonskoye,RU,2021-01-20 20:02:25,64.8989,45.7622,-6.12,91,100,6.33
444,Saint Anthony,US,2021-01-20 20:02:25,45.0205,-93.218,37.0,60,1,9.22
445,Lompoc,US,2021-01-20 20:02:25,34.6391,-120.4579,73.4,23,0,4.61
446,Gizo,SB,2021-01-20 20:02:25,-8.103,156.8419,82.31,74,100,10.87
447,Dovers,VC,2021-01-20 20:02:25,12.8833,-61.1833,80.6,78,75,3.44
448,Sorong,ID,2021-01-20 20:02:26,-0.8833,131.25,78.76,83,80,3.71
449,Caravelas,BR,2021-01-20 20:02:26,-17.7125,-39.2481,80.69,65,0,7.47
450,Aleksandrovskoye,RU,2021-01-20 20:02:26,44.7142,43.0008,17.6,93,90,2.24
451,Broome,US,2021-01-20 20:02:26,42.2506,-75.833,26.01,63,90,18.41
452,Kirakira,SB,2021-01-20 20:02:26,-10.4544,161.9205,81.5,80,100,7.9
453,Maracacume,BR,2021-01-20 20:02:27,-2.0428,-45.9592,79.66,78,100,4.9
454,Srednekolymsk,RU,2021-01-20 20:02:27,67.45,153.6833,-40.97,81,90,0.89
455,Huaihua,CN,2021-01-20 20:02:27,27.5494,109.9592,46.83,90,100,2.77
456,Zapolyarnyy,RU,2021-01-20 20:02:27,69.4154,30.8136,-5.8,84,90,6.91
457,Necochea,AR,2021-01-20 20:02:27,-38.5473,-58.7368,91.99,37,0,5.01
458,Miles City,US,2021-01-20 20:02:27,46.4083,-105.8406,44.6,31,1,26.46
459,Christchurch,NZ,2021-01-20 20:02:27,-43.5333,172.6333,57.99,71,75,14.97
460,Fairbanks,US,2021-01-20 20:02:27,64.8378,-147.7164,12.0,85,40,2.17
461,Yishui,CN,2021-01-20 20:02:28,35.7847,118.6281,36.77,91,100,2.3
462,Colares,PT,2021-01-20 20:02:28,38.7992,-9.4469,57.99,88,75,14.97
463,Rokytne,UA,2021-01-20 20:02:28,51.2796,27.214,25.23,98,100,11.36
464,Rio Grande,BR,2021-01-20 20:01:18,-32.035,-52.0986,82.4,57,40,17.27
465,Vangaindrano,MG,2021-01-20 20:02:28,-23.35,47.6,78.1,89,3,3.13
466,Asau,RO,2021-01-20 20:02:28,46.4333,26.4,33.01,93,51,9.22
467,Shebalino,RU,2021-01-20 20:02:28,51.2917,85.6772,28.36,92,100,5.68
468,Ribeira Brava,PT,2021-01-20 20:02:28,32.65,-17.0667,60.01,93,97,8.88
469,Poronaysk,RU,2021-01-20 20:02:28,49.2167,143.1167,-7.33,82,100,2.48
470,Nouakchott,MR,2021-01-20 20:02:29,18.0858,-15.9785,75.2,9,100,8.05
471,Lalmohan,BD,2021-01-20 20:02:29,22.3384,90.7419,69.21,87,0,7.02
472,Abhar,IR,2021-01-20 20:02:29,36.1468,49.218,32.67,94,100,5.53
473,Kaitangata,NZ,2021-01-20 20:01:29,-46.2817,169.8464,55.0,70,89,18.01
474,Constitucion,CL,2021-01-20 20:02:30,-35.3333,-72.4167,66.11,72,58,6.22
475,Padang,ID,2021-01-20 20:02:30,-0.9492,100.3543,73.4,88,20,2.3
476,Thanh Hoa,VN,2021-01-20 20:02:30,19.8,105.7667,63.48,86,100,1.41
477,Colonia,DE,2021-01-20 19:59:44,50.9333,6.95,50.0,66,0,12.66
478,Vigrestad,NO,2021-01-20 20:02:30,58.5667,5.7,41.0,87,75,19.57
479,Taiobeiras,BR,2021-01-20 20:02:30,-15.8078,-42.2331,78.1,60,61,5.03
480,Torrox,ES,2021-01-20 20:02:31,36.7579,-3.9523,53.01,93,100,1.01
481,Ikongo,MG,2021-01-20 20:02:31,-21.8833,47.4333,73.54,91,84,0.96
482,Tres Passos,BR,2021-01-20 20:01:40,-27.4556,-53.9319,75.0,89,94,1.99
483,Monywa,MM,2021-01-20 20:02:31,22.1167,95.1333,64.4,54,1,1.97
484,Bolgar,RU,2021-01-20 20:02:31,54.95,49.0667,-2.2,78,99,6.71
485,San Quintin,MX,2021-01-20 20:02:31,30.4833,-115.95,62.73,72,100,22.35
486,Tiarei,PF,2021-01-20 20:02:31,-17.5333,-149.3333,84.2,70,20,3.44
487,Praia,CV,2021-01-20 20:02:31,14.9215,-23.5087,71.6,64,0,20.71
488,Aksu,CN,2021-01-20 20:02:32,41.1231,80.2644,19.06,89,0,1.63
489,Darhan,MN,2021-01-20 20:02:32,49.4867,105.9228,1.35,90,0,4.21
490,Linxia,CN,2021-01-20 20:02:32,35.6003,103.2064,27.41,78,0,1.39
491,Mayo,US,2021-01-20 19:59:55,38.8876,-76.5119,44.01,39,20,20.71
492,Yelizovo,RU,2021-01-20 20:02:32,53.1873,158.3805,6.8,85,90,6.71
493,Inirida,CO,2021-01-20 20:02:32,3.8653,-67.9239,83.57,79,83,1.99
494,Puerto Ayacucho,VE,2021-01-20 20:02:32,5.6639,-67.6236,89.8,52,85,2.17
495,Tapes,BR,2021-01-20 20:02:32,-30.6733,-51.3958,76.91,64,12,14.56
496,Kaeo,NZ,2021-01-20 20:02:33,-35.1,173.7833,57.99,82,2,5.01
497,Niquero,CU,2021-01-20 20:02:33,20.0431,-77.5828,84.2,55,0,7.2
498,Yangambi,CD,2021-01-20 20:02:33,0.8102,24.4336,70.93,91,4,2.51
499,Mao,ES,2021-01-20 20:02:33,39.8885,4.2658,55.4,76,75,13.8
500,Kastornoye,RU,2021-01-20 20:02:33,51.8334,38.1302,-3.14,90,0,5.73
501,Marathon,US,2021-01-20 20:02:33,44.9,-89.7668,24.01,68,1,13.8
502,Ust-Nera,RU,2021-01-20 20:02:33,64.5667,143.2,-20.85,68,100,1.1
503,Pauini,BR,2021-01-20 20:02:33,-7.7136,-66.9764,84.9,69,2,3.36
504,Mendoza,AR,2021-01-20 20:01:45,-32.8908,-68.8272,95.0,14,20,9.22
505,Belyy Yar,RU,2021-01-20 20:02:34,53.6039,91.3903,-16.6,83,25,1.45
506,San Vicente,AR,2021-01-20 20:02:34,-26.6167,-54.1333,70.21,100,100,2.84
507,Preili,LV,2021-01-20 20:02:34,56.2944,26.7246,16.54,97,100,13.4
508,Quesnel,CA,2021-01-20 20:02:34,52.9999,-122.5029,24.8,80,1,2.3
509,Anadyr,RU,2021-01-20 20:02:35,64.75,177.4833,1.4,85,40,6.71
510,Cobourg,DE,2021-01-20 20:00:00,50.2667,10.9667,36.0,89,100,1.99
511,Kiruna,SE,2021-01-20 20:02:35,67.8557,20.2251,5.0,92,90,3.62
512,Hailey,US,2021-01-20 20:02:35,43.5196,-114.3153,28.4,40,40,5.75
513,North Vernon,US,2021-01-20 19:59:26,39.0062,-85.6236,37.0,50,2,8.99
514,Boa Vista,BR,2021-01-20 19:58:43,2.8197,-60.6733,89.6,40,75,12.66
515,Botwood,CA,2021-01-20 20:02:35,49.1499,-55.3482,23.0,69,45,5.99
516,Dzerzhinskoye,RU,2021-01-20 20:02:35,56.8344,95.2283,-25.44,83,10,1.83
517,Taltal,CL,2021-01-20 20:02:35,-25.4,-70.4833,71.11,57,22,7.25
518,Ordzhonikidze,KZ,2021-01-20 20:02:36,52.4411,61.7408,-5.24,89,2,13.71
519,Rawlins,US,2021-01-20 20:02:36,41.7911,-107.2387,33.8,47,1,34.52
520,Liverpool,GB,2021-01-20 19:58:45,53.4106,-2.9779,37.4,93,90,6.91
521,Buta,CD,2021-01-20 20:02:36,2.7858,24.73,73.47,37,53,2.06
522,Roald,NO,2021-01-20 20:02:36,62.5833,6.1333,41.0,52,40,12.66
523,Ouargaye,BF,2021-01-20 20:02:36,11.5033,0.0572,77.86,17,0,11.45
524,Rincon,US,2021-01-20 20:02:37,32.296,-81.2354,69.8,26,75,12.66
525,Port Said,EG,2021-01-20 20:02:37,31.2565,32.2841,57.2,58,0,12.66
526,Hazorasp,UZ,2021-01-20 20:02:37,41.3194,61.0742,32.0,93,20,11.5
527,Mayskiy,RU,2021-01-20 20:02:37,47.6931,40.1025,-5.8,84,0,4.47
528,Ewa Beach,US,2021-01-20 20:02:37,21.3156,-158.0072,75.2,73,75,3.44
529,Wladyslawowo,PL,2021-01-20 20:02:37,54.7909,18.4009,41.0,87,75,12.66
530,Khandbari,NP,2021-01-20 20:02:37,27.3747,87.2039,51.87,71,96,1.34
531,Bara,NG,2021-01-20 20:02:37,10.3744,10.7288,73.58,24,0,10.6
532,Salalah,OM,2021-01-20 20:02:38,17.0151,54.0924,71.6,37,0,5.75
533,Petrokamenskoye,RU,2021-01-20 20:02:38,57.716,60.6484,-2.07,91,100,9.33
534,Nago,JP,2021-01-20 20:02:38,26.5881,127.9761,69.8,77,90,9.22
535,Coracao De Jesus,BR,2021-01-20 20:02:38,-16.6853,-44.365,79.32,65,64,3.02
536,Xingtai,CN,2021-01-20 20:02:38,37.0631,114.4942,29.25,85,80,3.78
537,Kokopo,PG,2021-01-20 20:02:38,-4.352,152.2633,78.08,81,100,5.82
538,Shimoda,JP,2021-01-20 20:02:38,34.6667,138.95,47.5,71,34,8.95
539,Paamiut,GL,2021-01-20 20:02:39,61.994,-49.6678,28.71,88,98,7.54
540,Paso De Carrasco,UY,2021-01-20 20:02:39,-34.8603,-56.0522,81.0,61,0,18.41
541,Tezpur,IN,2021-01-20 20:02:39,26.6333,92.8,56.14,93,46,5.91
542,Manitouwadge,CA,2021-01-20 20:02:39,49.1215,-85.8403,24.8,80,90,16.11
543,Yenagoa,NG,2021-01-20 20:02:39,4.9247,6.2642,79.02,82,7,6.6
544,Summerville,US,2021-01-20 20:00:11,33.0185,-80.1757,66.99,20,1,11.5
545,Tibati,CM,2021-01-20 20:02:39,6.4667,12.6333,72.57,21,87,7.99
546,Bitung,ID,2021-01-20 20:02:39,1.4451,125.1824,77.0,94,20,2.3
547,Bairiki,KI,2021-01-20 20:02:39,1.3292,172.9752,80.6,78,40,10.36
548,Fivizzano,IT,2021-01-20 20:02:40,44.2383,10.126,51.01,77,86,5.99
549,Alexandria,EG,2021-01-20 20:02:16,31.2156,29.9553,57.2,51,40,11.5
550,Itarema,BR,2021-01-20 20:02:40,-2.9248,-39.9167,82.09,71,98,14.97
551,Stokmarknes,NO,2021-01-20 20:02:40,68.5646,14.9108,28.4,63,75,12.66
552,Mitu,CO,2021-01-20 20:02:40,1.1983,-70.1733,75.9,89,100,2.37
553,Frontera,MX,2021-01-20 20:02:40,26.9333,-101.45,57.0,87,90,3.65
554,Ulaangom,MN,2021-01-20 20:02:40,49.9811,92.0667,-14.58,83,58,0.38
555,Saltillo,MX,2021-01-20 20:00:04,25.4167,-101.0,59.0,72,75,6.91
556,Varhaug,NO,2021-01-20 20:02:41,58.6147,5.6457,41.0,87,75,19.57
557,Atar,MR,2021-01-20 20:02:41,20.5169,-13.0499,68.97,20,100,11.23
558,Mon,IN,2021-01-20 20:02:41,26.75,95.1,51.46,93,71,2.42
559,Anjiang,CN,2021-01-20 20:02:42,27.3194,110.1031,49.05,84,100,2.28
560,Enzan,JP,2021-01-20 20:02:42,35.7,138.7333,28.4,69,1,2.48
561,Turukhansk,RU,2021-01-20 20:02:42,65.8167,87.9833,-36.56,78,0,4.79
562,Koutiala,ML,2021-01-20 19:59:25,12.3917,-5.4642,78.93,16,0,9.6
563,Florida,US,2021-01-20 20:01:54,28.7505,-82.5001,68.0,26,1,9.22
564,Cumberland,US,2021-01-20 20:02:43,35.0502,-78.8664,59.0,25,1,11.5
565,Uray,RU,2021-01-20 20:02:43,60.1247,64.7758,-2.67,93,100,6.55
566,Waipawa,NZ,2021-01-20 20:02:43,-41.4122,175.5153,60.01,63,20,19.57
567,Takoradi,GH,2021-01-20 20:02:43,4.8845,-1.7554,79.97,83,41,8.68
568,Bemidji,US,2021-01-20 20:02:43,47.4736,-94.8803,37.99,69,75,33.38
